Projector;MSR;RMSR;MAE;PSNR;SSIM
Blob;0.00041562537;0.020386891;0.06819114;33.81298;0.47335035
BSpline;0.00041284584;0.020318609;0.06737508;33.84212;0.47370383
Siddon;0.00041990785;0.020491654;0.069194615;33.76846;0.4715532
Joseph;0.00041461736;0.020362156;0.068214945;33.823524;0.47386464
