projector;MSR;RMSR;PSNR;SSIM
Blob;0.000415361;0.020380408;33.815742;0.47302443
BSpline;0.00040995926;0.02024745;33.872593;0.47359985
Siddon;0.00041737524;0.020429764;33.79473;0.471306
Joseph;0.00041206178;0.020299304;33.850376;0.4736379
