Projector;MSR;RMSR;MAE;PSNR;SSIM
Blob;0.000574895;0.023976969;0.029838469;32.404114;0.507383
BSpline;0.000568229;0.023837555;0.029406853;32.454765;0.5086074
Siddon;0.00045742255;0.02138744;0.03194783;33.396824;0.530995
Joseph;0.0004914866;0.022169497;0.029456869;33.084885;0.5229176
