projector;MSR;RMSR;PSNR;SSIM
Blob;0.0005099559;0.022582203;32.924675;0.5263377
BSpline;0.00050242676;0.022414878;32.989273;0.52747595
Siddon;0.00039597455;0.01989911;34.023327;0.5497847
Joseph;0.00042255459;0.020556133;33.741173;0.54222506
